210,0,FFFFFF
104,0,FFFFFF
105,0,FFFFFF
106,0,FFFFFF
107,0,FFFFFF
107c,0,FFFFFF
108,0,FFFFFF
109,0,FFFFFF
110,0,FFFFFF
110c,0,FFFFFF
111,0,FFFFFF
112,0,FFFFFF
113,0,FFFFFF
113e,0,FFFFFF
114,0,FFFFFF
115,0,FFFFFF
116,0,FFFFFF
117,0,FFFFFF
117c,0,FFFFFF
118,0,FFFFFF
119,0,FFFFFF
120,0,FFFFFF
121,0,FFFFFF
122,0,FFFFFF
125,0,FFFFFF
126,0,FFFFFF
201,0,FFFFFF
201c,0,FFFFFF
201e,0,FFFFFF
201ec,0,FFFFFF
202c,0,FFFFFF
203,0,FFFFFF
203e,0,FFFFFF
204,0,FFFFFF
204e,0,FFFFFF
205,0,FFFFFF
205e,0,FFFFFF
206,0,FFFFFF
206e,0,FFFFFF
207c,0,FFFFFF
207e,0,FFFFFF
208,0,FFFFFF
208c,0,FFFFFF
209,0,FFFFFF
209e,0,FFFFFF
101,0,FFFFFF
101c,0,FFFFFF
102,0,FFFFFF
103,0,FFFFFF
211,0,FFFFFF
211c,0,FFFFFF
211e,0,FFFFFF
212,0,FFFFFF
213e,0,FFFFFF
214e,0,FFFFFF
216,0,FFFFFF
217e,0,FFFFFF
218e,0,FFFFFF
219e,0,FFFFFF
221e,0,FFFFFF
222e,0,FFFFFF
223,0,FFFFFF
224,0,FFFFFF
224c,0,FFFFFF
225,0,FFFFFF
226,0,FFFFFF
227,0,FFFFFF
228,0,FFFFFF
229,0,FFFFFF
230,0,FFFFFF
301,0,FFFFFF
301c,0,FFFFFF
301c2,0,FFFFFF
301e,0,FFFFFF
302,0,FFFFFF
302e,0,FFFFFF
303,0,FFFFFF
303e,0,FFFFFF
307,0,FFFFFF
307e,0,FFFFFF
308,0,FFFFFF
312e,0,FFFFFF
313e,0,FFFFFF
314,0,FFFFFF
315e,0,FFFFFF
345,0,FFFFFF
348,0,FFFFFF
401,0,FFFFFF
401N,0,FFFFFF
402,0,FFFFFF
403,0,FFFFFF
404,0,FFFFFF
404c,0,FFFFFF
405,0,FFFFFF
405c,0,FFFFFF
406,0,FFFFFF
406c,0,FFFFFF
407,0,FFFFFF
408,0,FFFFFF
408e,0,FFFFFF
409,0,FFFFFF
410,0,FFFFFF
410e,0,FFFFFF
411,0,FFFFFF
412,0,FFFFFF
413c,0,FFFFFF
413v,0,FFFFFF
414e,0,FFFFFF
415e,0,FFFFFF
416e,0,FFFFFF
417e,0,FFFFFF
418,0,FFFFFF
419,0,FFFFFF
420e,0,FFFFFF
421,0,FFFFFF
422,0,FFFFFF
423,0,FFFFFF
424,0,FFFFFF
425,0,FFFFFF
426,0,FFFFFF
427,0,FFFFFF
428,0,FFFFFF
428c,0,FFFFFF
428e,0,FFFFFF
429,0,FFFFFF
429c,0,FFFFFF
430,0,FFFFFF
431c,0,FFFFFF
431v,0,FFFFFF
435,0,FFFFFF
501,0,FFFFFF
502,0,FFFFFF
502c,0,FFFFFF
503,0,FFFFFF
503c,0,FFFFFF
504,0,FFFFFF
505,0,FFFFFF
506,0,FFFFFF
506e,0,FFFFFF
506v,0,FFFFFF
507,0,FFFFFF
507c,0,FFFFFF
508,0,FFFFFF
509,0,FFFFFF
510,0,FFFFFF
510c,0,FFFFFF
511,0,FFFFFF
513,0,FFFFFF
514,0,FFFFFF
514c,0,FFFFFF
515N,0,FFFFFF
516,0,FFFFFF
517,0,FFFFFF
B01,0,FFFFFF
B02,0,FFFFFF
B03,0,FFFFFF
B04,0,FFFFFF
B04v,0,FFFFFF
B05,0,FFFFFF
B06,0,FFFFFF
B07,0,FFFFFF
B08,0,FFFFFF
B09,0,FFFFFF
B10,0,FFFFFF
B11,0,FFFFFF
B12,0,FFFFFF
B13,0,FFFFFF
B14,0,FFFFFF
B15,0,FFFFFF
B16,0,FFFFFF
B17,0,FFFFFF
B18,0,FFFFFF
B19,0,FFFFFF
B20,0,FFFFFF
B21,0,FFFFFF
B22,0,FFFFFF
B23,0,FFFFFF
B24,0,FFFFFF
B25,0,FFFFFF
B26,0,FFFFFF
B27,0,FFFFFF
B28,0,FFFFFF
C01,0,FFFFFF
C01c,0,FFFFFF
C02,0,FFFFFF
C02c,0,FFFFFF
C03,0,FFFFFF
C04,0,FFFFFF
C05,0,FFFFFF
C06,0,FFFFFF
C07,0,FFFFFF
C08,0,FFFFFF
C09,0,FFFFFF
C10e,0,FFFFFF
C11,0,FFFFFF
C11c,0,FFFFFF
C12,0,FFFFFF
C13,0,FFFFFF
C14,0,FFFFFF
C15,0,FFFFFF
C16,0,FFFFFF
C17,0,FFFFFF
C18,0,FFFFFF
C19,0,FFFFFF
C20,0,FFFFFF
C21N,0,FFFFFF
C22,0,FFFFFF
C23,0,FFFFFF
D01,0,FFFFFF
D02,0,FFFFFF
D03,0,FFFFFF
D05,0,FFFFFF
D06,0,FFFFFF
D07,0,FFFFFF
D07c,0,FFFFFF
D08,0,FFFFFF
D08c,0,FFFFFF
D09,0,FFFFFF
D10,0,FFFFFF
D11,0,FFFFFF
D12,0,FFFFFF
D13,0,FFFFFF
D14,0,FFFFFF
D15,0,FFFFFF
D16,0,FFFFFF
D17,0,FFFFFF
D18,0,FFFFFF
E01,0,FFFFFF
E02,0,FFFFFF
E03,0,FFFFFF
E03v,0,FFFFFF
E04,0,FFFFFF
E05,0,FFFFFF
E06,0,FFFFFF
E07,0,FFFFFF
E08,0,FFFFFF
E09,0,FFFFFF
E10,0,FFFFFF
E11,0,FFFFFF
E12,0,FFFFFF
E13,0,FFFFFF
E14,0,FFFFFF
E15,0,FFFFFF
E15c,0,FFFFFF
E16,0,FFFFFF
E17,0,FFFFFF
E18,0,FFFFFF
F01,0,FFFFFF
F01c,0,FFFFFF
F02,0,FFFFFF
F03,0,FFFFFF
F03c,0,FFFFFF
F05,0,FFFFFF
F06,0,FFFFFF
F07,0,FFFFFF
F08,0,FFFFFF
F09,0,FFFFFF
F10,0,FFFFFF
F11,0,FFFFFF
F12,0,FFFFFF
F12c,0,FFFFFF
F13,0,FFFFFF
F13c,0,FFFFFF
F14,0,FFFFFF
F15,0,FFFFFF
F16,0,FFFFFF
F17,0,FFFFFF
F18,0,FFFFFF
F19,0,FFFFFF
F20,0,FFFFFF
F21,0,FFFFFF
F22,0,FFFFFF
F23,0,FFFFFF
F24,0,FFFFFF
F25,0,FFFFFF
F25e,0,FFFFFF
F26,0,FFFFFF
G01,0,FFFFFF
G02,0,FFFFFF
G03,0,FFFFFF
G04,0,FFFFFF
G05,0,FFFFFF
G07,0,FFFFFF
G08,0,FFFFFF
G08v,0,FFFFFF
G09,0,FFFFFF
G10,0,FFFFFF
G11,0,FFFFFF
G12,0,FFFFFF
G13,0,FFFFFF
G14,0,FFFFFF
G15,0,FFFFFF
G16,0,FFFFFF
G18,0,FFFFFF
G19,0,FFFFFF
G22,0,FFFFFF
H01,0,FFFFFF
H02,0,FFFFFF
H03,0,FFFFFF
H04,0,FFFFFF
H05,0,FFFFFF
H05c,0,FFFFFF
H06,0,FFFFFF
H07,0,FFFFFF
H08,0,FFFFFF
H09,0,FFFFFF
H11c,0,FFFFFF
H12,0,FFFFFF
H13,0,FFFFFF
H14,0,FFFFFF
H17,0,FFFFFF
I01,0,FFFFFF
I02,0,FFFFFF
I03,0,FFFFFF
I03c,0,FFFFFF
I04,0,FFFFFF
I04c,0,FFFFFF
I04e,0,FFFFFF
I05,0,FFFFFF
I07,0,FFFFFF
I08,0,FFFFFF
I08c,0,FFFFFF
I09,0,FFFFFF
I09c,0,FFFFFF
I09e,0,FFFFFF
I09v,0,FFFFFF
I10,0,FFFFFF
I11,0,FFFFFF
I12,0,FFFFFF
I13,0,FFFFFF
I14,0,FFFFFF
I15,0,FFFFFF
I16,0,FFFFFF
I17,0,FFFFFF
I18,0,FFFFFF
I20,0,FFFFFF
I21,0,FFFFFF
I22,0,FFFFFF
I23,0,FFFFFF
I24,0,FFFFFF
J01,0,FFFFFF
J01c,0,FFFFFF
J02,0,FFFFFF
J03,0,FFFFFF
J04,0,FFFFFF
J04c,0,FFFFFF
J05,0,FFFFFF
J06,0,FFFFFF
J07,0,FFFFFF
J07c,0,FFFFFF
J07e,0,FFFFFF
J08,0,FFFFFF
J08c,0,FFFFFF
J10,0,FFFFFF
J11,0,FFFFFF
J12,0,FFFFFF
J13,0,FFFFFF
J13c,0,FFFFFF
J14c,0,FFFFFF
J15c,0,FFFFFF
J16,0,FFFFFF
J17,0,FFFFFF
J18,0,FFFFFF
J18c,0,FFFFFF
J19,0,FFFFFF
J19c,0,FFFFFF
